{
"firacemn"      : "fuson",
"cetuason"	    :"lortadine",
"berametiaine"	:"cefeuroxim",
"cedsametisone"	:"lomac",
"ferametasone"	:"Paracetamal",
"fhoedeetus"	:"Paracetamal",
"codm"	        :"lomac",
"coehisone"	    :"Migarid",
"cemportion"	:"Kilbac",
"beamethsone"	:"syrup_libitus_plus",
"cemethasone"	:"Neomycin",
"cograione"	    :"cefeuroxim",
"funmpn"	    :"fuson",
"besxamethasone":"Cloxacilyn",
"#erdnte"	    :"Ferocit",
"cemethaon"	    :"Candid-B",
"ochusone"	    :"Gresofulvin",
"cuacemce"	    :"Paracetamal",
"bemidthasin"   :"Paracetamal",
"cuxrson"       :"lomac",
"ceame"         :"lomac",
"beametason"    :"Paracetamal",
"edfrrapen"     :"cefeuroxim",
"aeevsprvin"    :"flagal",
"afrid"         :"Migarid",
"fnean"         :"fuson",
"cepais"        :"lortadine",
"cesohcloramol" :"Kilbac",
"beoethtasone"  :"syrup_libitus_plus",
"cemeetaoe"     :"Neomycin",
"ceptraton"     :"cefeuroxim",
"fentags"       :"fuson",
"cesmsmesen"    :"Cloxacilyn",
"bemethametamomnt" :"cefeuroxim"

}